{
  "_fv": 47,
  "_type": "tool",
  "definition": {
    "toolType": "Pickaxe",
    "renderType": 0,
    "texture": "adetium_pickaxe",
    "customModelName": "Normal",
    "name": "Adetium Pickaxe",
    "specialInfo": [],
    "creativeTab": {
      "value": "CUSTOM:ToolsTab"
    },
    "harvestLevel": 3,
    "efficiency": 8.0,
    "attackSpeed": 100.0,
    "enchantability": 10,
    "damageVsEntity": 7.0,
    "usageCount": 1561,
    "blocksAffected": [],
    "hasGlow": false,
    "repairItems": [
      {
        "value": "CUSTOM:AdetiumIngot"
      }
    ],
    "immuneToFire": false,
    "stayInGridWhenCrafting": false,
    "damageOnCrafting": false
  }
}