{
  "_fv": 47,
  "_type": "armor",
  "definition": {
    "enableHelmet": true,
    "textureHelmet": "adetium_armor_head",
    "enableBody": true,
    "textureBody": "adetium_armor_body",
    "enableLeggings": true,
    "textureLeggings": "adetium_armor_leggings",
    "enableBoots": true,
    "textureBoots": "adetium_armor_boots",
    "onHelmetTick": {
      "name": "AdetiumArmorHelmetTickEvent"
    },
    "onBodyTick": {
      "name": "AdetiumArmorChestplateTickEvent"
    },
    "creativeTab": {
      "value": "CUSTOM:ArmorsTab"
    },
    "armorTextureFile": "adetium_armor",
    "helmetName": "Adetium Helmet",
    "bodyName": "Adetium Chestplate",
    "leggingsName": "Adetium Leggings",
    "bootsName": "Adetium Boots",
    "helmetSpecialInfo": [],
    "bodySpecialInfo": [],
    "leggingsSpecialInfo": [],
    "bootsSpecialInfo": [],
    "helmetModelName": "Default",
    "helmetModelPart": "Helmet",
    "helmetModelTexture": "From armor",
    "bodyModelName": "Default",
    "bodyModelPart": "Body",
    "armsModelPartL": "Arms L",
    "armsModelPartR": "Arms R",
    "bodyModelTexture": "From armor",
    "leggingsModelName": "Default",
    "leggingsModelPartL": "Leggings L",
    "leggingsModelPartR": "Leggings R",
    "leggingsModelTexture": "From armor",
    "bootsModelName": "Default",
    "bootsModelPartL": "Boots L",
    "bootsModelPartR": "Boots R",
    "bootsModelTexture": "From armor",
    "helmetItemRenderType": 0,
    "helmetItemCustomModelName": "Normal",
    "bodyItemRenderType": 0,
    "bodyItemCustomModelName": "Normal",
    "leggingsItemRenderType": 0,
    "leggingsItemCustomModelName": "Normal",
    "bootsItemRenderType": 0,
    "bootsItemCustomModelName": "Normal",
    "helmetImmuneToFire": false,
    "bodyImmuneToFire": false,
    "leggingsImmuneToFire": false,
    "bootsImmuneToFire": false,
    "maxDamage": 33,
    "damageValueHelmet": 3,
    "damageValueBody": 8,
    "damageValueLeggings": 6,
    "damageValueBoots": 3,
    "enchantability": 10,
    "toughness": 2.0,
    "knockbackResistance": 0.0,
    "equipSound": {
      "value": ""
    },
    "repairItems": [
      {
        "value": "CUSTOM:AdetiumIngot"
      }
    ]
  }
}