{
  "_fv": 47,
  "_type": "procedure",
  "definition": {
    "procedurexml": "<xml xmlns=\"https://developers.google.com/blockly/xml\"><variables><variable type=\"File\" id=\"file\">file</variable><variable type=\"JsonObject\" id=\"JsonObject\">JsonObject</variable><variable type=\"EriHashMapNumber\" id=\"hashmap\">hashmap</variable></variables><block type=\"variables_set_file\" x=\"1262\" y=\"-25\"><mutation xmlns=\"http://www.w3.org/1999/xhtml\" is_player_var=\"false\" has_entity=\"false\"></mutation><field name=\"VAR\">local:file</field><value name=\"VAL\"><block type=\"file_variable\"><mutation xmlns=\"http://www.w3.org/1999/xhtml\" is_player_var=\"false\" has_entity=\"false\"></mutation><field name=\"VAR\">local:file</field><value name=\"name\"><block type=\"text\"><field name=\"TEXT\">TEMP.json</field></block></value><value name=\"location\"><block type=\"text_join\"><mutation items=\"2\"></mutation><value name=\"ADD0\"><block type=\"get_game_directory\"></block></value><value name=\"ADD1\"><block type=\"text\"><field name=\"TEXT\">/config/</field></block></value></block></value></block></value><next><block type=\"controls_if\"><mutation else=\"1\"></mutation><value name=\"IF0\"><block type=\"logic_negate\"><value name=\"BOOL\"><block type=\"file_exists\"><mutation xmlns=\"http://www.w3.org/1999/xhtml\" is_player_var=\"false\" has_entity=\"false\"></mutation><field name=\"VAR\">local:file</field></block></value></block></value><statement name=\"DO0\"><block type=\"create_file\"><mutation xmlns=\"http://www.w3.org/1999/xhtml\" is_player_var=\"false\" has_entity=\"false\"></mutation><field name=\"VAR\">local:file</field><next><block type=\"variables_set_jsonobject\"><mutation xmlns=\"http://www.w3.org/1999/xhtml\" is_player_var=\"false\" has_entity=\"false\"></mutation><field name=\"VAR\">local:JsonObject</field><value name=\"VAL\"><block type=\"parse_json\"><value name=\"json\"><block type=\"text_replace\"><value name=\"what\"><block type=\"text\"><field name=\"TEXT\">\\</field></block></value><value name=\"with\"><block type=\"text\"><field name=\"TEXT\"></field></block></value><value name=\"text\"><block type=\"text\"><field name=\"TEXT\">{\\\"multiply\\\":1.25,\\\"bonus\\\":12,\\\"chance\\\":0.99,\\\"message\\\":\\\"Bonjour !!\\\",\\\"tag\\\":\\\"Oui et non\\\",\\\"hidden\\\":true}</field></block></value></block></value></block></value><next><block type=\"write_json\"><mutation xmlns=\"http://www.w3.org/1999/xhtml\" is_player_var=\"false\" has_entity=\"false\"></mutation><field name=\"JOBJVAR\">local:JsonObject</field><field name=\"VAR\">local:file</field></block></next></block></next></block></statement><statement name=\"ELSE\"><block type=\"read_json\"><mutation xmlns=\"http://www.w3.org/1999/xhtml\" is_player_var=\"false\" has_entity=\"false\"></mutation><field name=\"VAR\">local:file</field><field name=\"JOBJVAR\">local:JsonObject</field><statement name=\"values\"><block type=\"variables_set_jsonobject\"><mutation xmlns=\"http://www.w3.org/1999/xhtml\" is_player_var=\"false\" has_entity=\"false\"></mutation><field name=\"VAR\">local:JsonObject</field><value name=\"VAL\"><block type=\"parse_json\"><value name=\"json\"><block type=\"text_replace\"><value name=\"what\"><block type=\"text\"><field name=\"TEXT\">\\</field></block></value><value name=\"with\"><block type=\"text\"><field name=\"TEXT\"></field></block></value><value name=\"text\"><block type=\"text\"><field name=\"TEXT\">{\\\"multiply\\\":1.25,\\\"bonus\\\":12,\\\"chance\\\":0.99,\\\"message\\\":\\\"Bonjour !!\\\",\\\"tag\\\":\\\"Oui et non\\\",\\\"hidden\\\":true}</field></block></value></block></value></block></value><next><block type=\"write_json\"><mutation xmlns=\"http://www.w3.org/1999/xhtml\" is_player_var=\"false\" has_entity=\"false\"></mutation><field name=\"JOBJVAR\">local:JsonObject</field><field name=\"VAR\">local:file</field></block></next></block></statement></block></statement></block></next></block><block type=\"event_trigger\" deletable=\"false\" x=\"40\" y=\"40\"><field name=\"trigger\">no_ext_trigger</field><next><block type=\"entity_open_gui\"><field name=\"guiname\">ShopMainGui</field><value name=\"entity\"><block type=\"entity_from_deps\"></block></value><value name=\"x\"><block type=\"coord_x\"></block></value><value name=\"y\"><block type=\"coord_y\"></block></value><value name=\"z\"><block type=\"coord_z\"></block></value></block></next></block><block type=\"variables_set_number\" x=\"682\" y=\"25\"><mutation xmlns=\"http://www.w3.org/1999/xhtml\" is_player_var=\"true\" has_entity=\"true\"></mutation><field name=\"VAR\">global:earningNotifTick</field><value name=\"VAL\"><block type=\"math_number\"><field name=\"NUM\">60</field></block></value><value name=\"entity\"><block type=\"entity_from_deps\"></block></value></block><block type=\"erihashmapput\" x=\"469\" y=\"273\"><value name=\"key\"><block type=\"text\"><field name=\"TEXT\">te</field></block></value><value name=\"hashmap\"><block type=\"variables_get_erihashmapnumber\"><mutation xmlns=\"http://www.w3.org/1999/xhtml\" is_player_var=\"false\" has_entity=\"false\"></mutation><field name=\"VAR\">local:hashmap</field></block></value><value name=\"value\"><block type=\"math_number\"><field name=\"NUM\">0.1</field></block></value><next><block type=\"erihashmapput\"><value name=\"key\"><block type=\"text\"><field name=\"TEXT\">tt</field></block></value><value name=\"hashmap\"><block type=\"variables_get_erihashmapnumber\"><mutation xmlns=\"http://www.w3.org/1999/xhtml\" is_player_var=\"false\" has_entity=\"false\"></mutation><field name=\"VAR\">local:hashmap</field></block></value><value name=\"value\"><block type=\"math_number\"><field name=\"NUM\">1</field></block></value><next><block type=\"erihashmapput\"><value name=\"key\"><block type=\"text\"><field name=\"TEXT\">tttt</field></block></value><value name=\"hashmap\"><block type=\"variables_get_erihashmapnumber\"><mutation xmlns=\"http://www.w3.org/1999/xhtml\" is_player_var=\"false\" has_entity=\"false\"></mutation><field name=\"VAR\">local:hashmap</field></block></value><value name=\"value\"><block type=\"math_number\"><field name=\"NUM\">1.001</field></block></value><next><block type=\"erihashmapput\"><value name=\"key\"><block type=\"text\"><field name=\"TEXT\">ttttt</field></block></value><value name=\"hashmap\"><block type=\"variables_get_erihashmapnumber\"><mutation xmlns=\"http://www.w3.org/1999/xhtml\" is_player_var=\"false\" has_entity=\"false\"></mutation><field name=\"VAR\">local:hashmap</field></block></value><value name=\"value\"><block type=\"math_number\"><field name=\"NUM\">5</field></block></value><next><block type=\"erihashmapput\"><value name=\"key\"><block type=\"text\"><field name=\"TEXT\">ttt</field></block></value><value name=\"hashmap\"><block type=\"variables_get_erihashmapnumber\"><mutation xmlns=\"http://www.w3.org/1999/xhtml\" is_player_var=\"false\" has_entity=\"false\"></mutation><field name=\"VAR\">local:hashmap</field></block></value><value name=\"value\"><block type=\"math_number\"><field name=\"NUM\">10</field></block></value><next><block type=\"hashmapsortandforeach\"><value name=\"hashmap\"><block type=\"variables_get_erihashmapnumber\"><mutation xmlns=\"http://www.w3.org/1999/xhtml\" is_player_var=\"false\" has_entity=\"false\"></mutation><field name=\"VAR\">local:hashmap</field></block></value><statement name=\"executor\"><block type=\"entity_send_chat\"><value name=\"text\"><block type=\"text_join\"><mutation items=\"1\"></mutation><value name=\"ADD0\"><block type=\"entryiterratorgetvalue\"></block></value></block></value><value name=\"entity\"><block type=\"entity_from_deps\"></block></value><value name=\"actbar\"><block type=\"logic_boolean\"><field name=\"BOOL\">FALSE</field></block></value></block></statement></block></next></block></next></block></next></block></next></block></next></block></xml>"
  }
}