{
  "_fv": 47,
  "_type": "gui",
  "definition": {
    "type": 0,
    "width": 428,
    "height": 240,
    "inventoryOffsetX": 0,
    "inventoryOffsetY": 0,
    "renderBgLayer": true,
    "doesPauseGame": false,
    "components": [
      {
        "type": "image",
        "data": {
          "image": "earningWikiBackground.png",
          "use1Xscale": false,
          "x": 0,
          "y": 0
        }
      }
    ],
    "gridSettings": {
      "sx": 18,
      "sy": 18,
      "ox": 11,
      "oy": 15,
      "snapOnGrid": false
    }
  }
}