{
  "_fv": 47,
  "_type": "overlay",
  "definition": {
    "priority": "NORMAL",
    "components": [
      {
        "type": "image",
        "data": {
          "image": "rank_overlay.png",
          "use1Xscale": false,
          "x": 267,
          "y": 0
        }
      },
      {
        "type": "image",
        "data": {
          "image": "rank_overlay_bar.png",
          "use1Xscale": false,
          "x": 267,
          "y": 50
        }
      }
    ],
    "baseTexture": "",
    "overlayTarget": "Ingame",
    "displayCondition": {
      "name": "ReturnEarningTickIsAboveZero"
    },
    "gridSettings": {
      "sx": 18,
      "sy": 18,
      "ox": 11,
      "oy": 15,
      "snapOnGrid": false
    }
  }
}