{
  "_fv": 47,
  "_type": "gui",
  "definition": {
    "type": 0,
    "width": 176,
    "height": 166,
    "inventoryOffsetX": 0,
    "inventoryOffsetY": 0,
    "renderBgLayer": true,
    "doesPauseGame": false,
    "components": [
      {
        "type": "image",
        "data": {
          "image": "gui_background.png",
          "use1Xscale": false,
          "x": 0,
          "y": 0
        }
      },
      {
        "type": "label",
        "data": {
          "name": "label_energy_seller",
          "text": {
            "fixedValue": "Energy Seller"
          },
          "color": {
            "value": -1,
            "falpha": 0.0
          },
          "x": 177,
          "y": 8
        }
      },
      {
        "type": "label",
        "data": {
          "name": "label_target",
          "text": {
            "fixedValue": "TARGET",
            "name": "ReturnTargetLabel"
          },
          "color": {
            "value": -1,
            "falpha": 0.0
          },
          "x": 150,
          "y": 35
        }
      },
      {
        "type": "label",
        "data": {
          "name": "label_energy",
          "text": {
            "fixedValue": "ENERGY",
            "name": "ReturnEnergyLabel"
          },
          "color": {
            "value": -1,
            "falpha": 0.0
          },
          "x": 150,
          "y": 53
        }
      },
      {
        "type": "label",
        "data": {
          "name": "label_price",
          "text": {
            "fixedValue": "PRICE",
            "name": "ReturnPriceLabel"
          },
          "color": {
            "value": -1,
            "falpha": 0.0
          },
          "x": 150,
          "y": 71
        }
      }
    ],
    "gridSettings": {
      "sx": 18,
      "sy": 18,
      "ox": 11,
      "oy": 15,
      "snapOnGrid": true
    }
  }
}