{
  "_fv": 47,
  "_type": "command",
  "definition": {
    "commandName": "level",
    "permissionLevel": "No requirement",
    "argsxml": "<xml xmlns=\"https://developers.google.com/blockly/xml\"><block type=\"args_start\" deletable=\"false\" x=\"40\" y=\"40\"><next><block type=\"literal\"><field name=\"name\">SetLevel</field><statement name=\"args\"><block type=\"entity\"><field name=\"name\">player</field><field name=\"type\">player</field><statement name=\"args\"><block type=\"number_min\"><field name=\"name\">level</field><field name=\"min\">0</field><statement name=\"args\"><block type=\"call_procedure\"><field name=\"procedure\">SetLevelCmd</field></block></statement></block></statement></block></statement><next><block type=\"literal\"><field name=\"name\">Reset</field><statement name=\"args\"><block type=\"entity\"><field name=\"name\">player</field><field name=\"type\">player</field><statement name=\"args\"><block type=\"call_procedure\"><field name=\"procedure\">LevelResetCmd</field></block></statement></block></statement><next><block type=\"literal\"><field name=\"name\">Earning</field><statement name=\"args\"><block type=\"call_procedure\"><field name=\"procedure\">OpenEarningWikiMainPage</field></block></statement><next><block type=\"call_procedure\"><field name=\"procedure\">ShowPossibleCommand</field></block></next></block></next></block></next></block></next></block></xml>"
  }
}