{
  "_fv": 47,
  "_type": "config",
  "definition": {
    "pools": [
      {
        "category": "Permissions",
        "entries": [
          {
            "item": {
              "value": ""
            },
            "silkTouchMode": 2,
            "block": {
              "value": ""
            },
            "logicField": 0,
            "numberField": 0.0,
            "textDefault": "",
            "comment": "To have access to Staff's command about the mod, Put player's name separated by space",
            "vardisplay": "Staff Permissions",
            "varname": "staffperm",
            "enablecomment": true,
            "onlyComment": false,
            "entityType": "EntityAgeable"
          }
        ]
      }
    ],
    "file": "SkyzerAdventure/Rank/Misc",
    "configType": 0
  }
}