{
  "_fv": 47,
  "_type": "overlay",
  "definition": {
    "priority": "NORMAL",
    "components": [
      {
        "type": "label",
        "data": {
          "name": "label_ff",
          "text": {
            "fixedValue": "ff"
          },
          "color": {
            "value": -1,
            "falpha": 0.0
          },
          "x": 231,
          "y": 107
        }
      }
    ],
    "baseTexture": "",
    "overlayTarget": "Ingame",
    "gridSettings": {
      "sx": 18,
      "sy": 18,
      "ox": 11,
      "oy": 15,
      "snapOnGrid": false
    }
  }
}