{
  "_fv": 47,
  "_type": "gui",
  "definition": {
    "type": 0,
    "width": 176,
    "height": 166,
    "inventoryOffsetX": 0,
    "inventoryOffsetY": 0,
    "renderBgLayer": true,
    "doesPauseGame": false,
    "components": [
      {
        "type": "image",
        "data": {
          "image": "gui_background.png",
          "use1Xscale": false,
          "x": 0,
          "y": 0
        }
      },
      {
        "type": "imagebutton",
        "data": {
          "name": "imagebutton_buy_button",
          "image": "buy_button.png",
          "hoveredImage": "buy_button_hover.png",
          "onClick": {
            "name": "OpenBuy"
          },
          "x": 132,
          "y": 80
        }
      },
      {
        "type": "imagebutton",
        "data": {
          "name": "imagebutton_sell_button",
          "image": "sell_button.png",
          "hoveredImage": "sell_button_hover.png",
          "onClick": {
            "name": "OpenSell"
          },
          "x": 231,
          "y": 80
        }
      }
    ],
    "gridSettings": {
      "sx": 18,
      "sy": 18,
      "ox": 11,
      "oy": 15,
      "snapOnGrid": true
    }
  }
}