{
  "_fv": 47,
  "_type": "gui",
  "definition": {
    "type": 0,
    "width": 428,
    "height": 240,
    "inventoryOffsetX": 0,
    "inventoryOffsetY": 0,
    "renderBgLayer": true,
    "doesPauseGame": false,
    "components": [
      {
        "type": "image",
        "data": {
          "image": "shop_background.png",
          "use1Xscale": false,
          "x": 0,
          "y": 0
        }
      },
      {
        "type": "button",
        "data": {
          "name": "button_return",
          "text": "Return",
          "onClick": {
            "name": "OpenShopMain"
          },
          "width": 56,
          "height": 20,
          "x": 3,
          "y": 3
        }
      },
      {
        "type": "label",
        "data": {
          "name": "label_shop_gui",
          "text": {
            "fixedValue": "Shop Buy"
          },
          "color": {
            "value": -1,
            "falpha": 0.0
          },
          "x": 59,
          "y": 8
        }
      },
      {
        "type": "button",
        "data": {
          "name": "button_search",
          "text": "Search",
          "onClick": {
            "name": "BuySearch"
          },
          "width": 56,
          "height": 20,
          "x": 369,
          "y": 3
        }
      },
      {
        "type": "textfield",
        "data": {
          "placeholder": "mod:id or object name",
          "name": "search",
          "width": 144,
          "height": 20,
          "x": 225,
          "y": 3
        }
      },
      {
        "type": "label",
        "data": {
          "name": "label_proc_return_money_text",
          "text": {
            "fixedValue": "",
            "name": "ReturnMoneyText"
          },
          "color": {
            "value": -12829636,
            "falpha": 0.0
          },
          "x": 102,
          "y": 9
        }
      }
    ],
    "gridSettings": {
      "sx": 18,
      "sy": 18,
      "ox": 11,
      "oy": 15,
      "snapOnGrid": false
    }
  }
}