{
  "_fv": 47,
  "_type": "gui",
  "definition": {
    "type": 0,
    "width": 176,
    "height": 166,
    "inventoryOffsetX": 0,
    "inventoryOffsetY": 0,
    "renderBgLayer": false,
    "doesPauseGame": false,
    "components": [
      {
        "type": "label",
        "data": {
          "name": "label_proc_return_scale_value",
          "text": {
            "fixedValue": "",
            "name": "ReturnScaleValue"
          },
          "color": {
            "value": -3407872,
            "falpha": 0.0
          },
          "x": 195,
          "y": 44
        }
      },
      {
        "type": "button",
        "data": {
          "name": "button_empty",
          "text": "+",
          "onClick": {
            "name": "StatsScalePlus"
          },
          "width": 18,
          "height": 20,
          "x": 222,
          "y": 62
        }
      },
      {
        "type": "button",
        "data": {
          "name": "button_r",
          "text": "R",
          "onClick": {
            "name": "StatsScaleReset"
          },
          "width": 18,
          "height": 20,
          "x": 204,
          "y": 62
        }
      },
      {
        "type": "button",
        "data": {
          "name": "button_empty1",
          "text": "-",
          "onClick": {
            "name": "StatsScaleMinus"
          },
          "width": 18,
          "height": 20,
          "x": 186,
          "y": 62
        }
      }
    ],
    "gridSettings": {
      "sx": 18,
      "sy": 18,
      "ox": 11,
      "oy": 15,
      "snapOnGrid": true
    }
  }
}